350.35,18.34,38.42,50.85,58.77,66.91,69.78,64.45,61.47,62.87,58.47,52.86,66.68,86.60,105.93,89.49,2.72,345.17,336.49,332.35,329.15,326.95,322.43,324.03,325.14,331.05,326.94,316.64,303.34,288.25,275.82,258.94,241.99,229.60,231.43,230.37,219.60,209.81,192.12,175.39,174.31,176.85,190.57,194.83,195.79,188.33,179.78,171.99,162.69,156.31,216.19,275.26,275.33,267.94,260.39,268.18,277.21,273.01,262.23,239.56,221.09,206.69,203.53,214.35,239.44,270.98,317.09,19.89,52.81,70.08,84.41,88.93,105.15,278.74,305.91,330.92,354.40,15.55,58.09,108.62,130.83,132.86,135.62,133.99,126.69,114.22,107.71,108.88,102.99,102.28,84.58,19.09,344.37,347.40,355.04,3.22,15.68,32.20,44.27,52.33
341.79,0.00,20.55,36.58,44.33,51.42,54.13,51.42,55.06,51.32,53.88,67.72,86.82,106.27,119.43,107.70,12.32,336.59,329.92,325.69,323.14,321.58,323.66,329.39,331.07,332.14,325.83,320.45,300.77,288.31,274.60,258.41,238.91,231.74,227.27,230.38,220.85,209.67,195.06,180.93,172.96,175.98,182.66,187.82,185.24,175.42,167.01,159.02,153.66,155.52,167.79,242.65,244.50,212.83,208.68,242.07,264.83,262.35,259.22,238.43,221.86,217.29,226.66,259.47,290.50,308.56,319.58,351.85,41.10,71.33,88.13,98.03,125.98,237.16,290.24,321.13,346.65,15.30,68.51,113.07,127.33,137.26,132.06,131.13,122.35,118.50,108.70,105.40,102.02,100.68,78.06,19.37,348.13,346.65,354.50,5.60,17.67,32.46,41.05,52.87
338.29,350.23,1.77,13.15,23.51,34.25,35.76,39.03,39.69,37.58,44.45,86.31,110.37,116.09,114.97,102.53,39.94,339.31,324.62,322.79,324.47,325.59,327.08,332.51,332.18,335.32,328.18,324.82,309.38,291.35,273.53,254.44,233.23,228.43,227.75,223.77,222.16,208.99,191.76,178.77,181.04,187.71,191.14,186.19,181.57,167.34,158.65,158.76,156.53,158.62,165.16,185.77,171.67,164.01,168.63,204.21,245.91,260.39,255.93,247.90,231.94,233.18,268.55,308.71,313.88,320.15,322.47,344.58,24.26,62.01,85.51,106.66,140.42,227.53,274.84,307.14,336.14,12.30,72.61,111.76,123.94,131.50,124.39,119.94,118.04,113.24,105.65,107.38,105.60,95.63,79.17,25.12,347.52,343.90,354.28,9.68,24.00,30.26,42.02,46.86
330.38,338.63,348.43,353.19,0.63,4.44,17.61,22.59,19.56,5.49,305.85,185.50,135.53,109.77,98.08,83.51,39.03,352.51,335.50,332.21,336.60,339.22,343.24,337.96,334.97,337.23,336.23,326.39,313.33,294.77,271.97,251.91,227.06,212.64,217.40,215.93,213.70,198.10,183.56,180.19,190.39,200.82,207.73,194.88,181.04,162.48,160.83,159.24,166.66,175.04,190.81,188.36,161.99,152.10,154.11,182.38,237.54,258.71,262.88,253.23,249.62,267.77,321.13,330.39,328.80,323.67,327.05,339.44,5.59,43.56,75.11,98.18,143.51,234.46,271.34,297.26,329.99,7.85,71.76,105.39,118.28,116.52,109.32,106.41,101.85,97.71,100.21,103.23,107.27,98.65,83.63,39.36,349.58,338.49,347.95,10.90,25.96,35.84,38.81,38.57
332.40,337.15,337.57,335.53,331.79,336.71,352.15,3.06,347.50,290.85,253.26,236.49,185.12,100.79,80.21,59.64,29.69,358.65,349.82,348.76,354.29,356.31,350.33,338.63,332.37,337.82,336.79,330.01,321.91,306.83,277.82,247.41,205.54,184.65,177.88,173.90,159.84,148.16,146.44,173.98,213.84,222.69,224.87,212.33,189.73,168.21,161.68,169.64,189.84,208.99,219.07,208.81,171.38,156.65,156.64,170.56,225.91,259.02,264.28,269.93,296.53,341.63,350.46,342.91,334.22,331.21,333.37,337.91,346.98,12.13,44.09,66.73,91.65,259.42,279.05,298.17,333.96,23.01,65.25,87.20,94.84,87.48,79.80,69.82,73.55,81.53,97.59,104.79,108.84,101.86,95.01,57.40,343.31,317.17,333.54,22.52,44.58,40.27,41.25,37.03
333.97,329.95,326.84,323.08,316.36,319.25,332.80,341.91,285.95,252.85,242.54,244.24,241.23,41.13,46.27,36.25,19.12,4.86,0.15,5.10,11.07,9.31,351.14,333.19,332.80,332.63,339.11,337.60,331.63,315.37,293.55,232.60,151.97,130.03,116.65,107.28,102.75,100.14,105.08,148.60,229.31,239.91,235.27,213.60,185.99,162.80,166.44,190.46,215.53,228.40,229.74,217.60,187.44,164.60,157.95,162.69,214.03,256.91,273.58,323.08,33.55,28.51,6.42,352.40,339.99,338.40,337.39,340.04,341.53,347.45,0.48,6.35,0.05,328.01,312.89,330.24,30.73,59.41,71.83,74.48,61.67,53.39,41.71,33.65,39.24,56.55,87.32,107.31,113.52,108.87,98.81,67.13,337.39,317.32,318.96,30.87,57.33,53.05,45.19,37.24
329.25,321.87,314.38,310.22,313.50,318.86,343.85,335.62,238.32,234.87,235.51,239.09,253.72,318.38,6.51,15.27,10.71,8.02,6.61,10.22,12.84,8.15,350.88,333.66,330.01,334.63,340.14,339.02,328.83,315.26,291.32,149.91,123.73,106.36,99.95,93.19,92.51,92.15,93.31,123.90,229.09,240.16,235.98,212.66,175.12,156.33,169.24,206.52,227.39,237.08,233.28,216.03,196.18,173.79,158.13,155.02,204.94,260.10,311.19,65.08,66.84,60.40,34.13,1.72,350.60,349.11,348.80,348.88,340.97,337.67,338.82,342.65,349.05,355.62,23.63,90.35,99.06,91.29,78.16,64.84,44.49,32.09,23.63,15.40,18.49,41.57,78.63,110.63,120.98,117.19,106.72,53.68,335.66,323.85,328.18,20.09,67.09,70.18,58.47,44.96
326.47,314.15,306.72,305.95,319.59,337.87,8.39,48.76,217.69,222.78,229.22,236.17,250.68,293.56,348.93,6.13,10.06,15.59,19.02,21.45,19.07,12.54,359.89,349.02,343.91,342.18,340.51,321.94,287.87,244.64,187.69,153.72,128.82,107.98,92.98,88.03,86.03,85.73,89.01,103.98,208.37,238.11,229.80,200.70,156.63,141.05,172.98,224.51,237.49,237.39,233.06,218.67,201.82,183.85,168.97,156.14,277.29,338.11,67.50,74.22,75.67,81.35,75.30,27.58,358.41,1.40,3.36,357.08,343.07,328.86,327.86,330.05,340.23,350.46,45.06,111.22,113.01,103.51,76.80,52.20,34.90,18.82,13.58,7.78,11.79,27.63,67.63,109.63,128.07,127.23,114.15,34.12,339.76,333.47,336.05,14.57,65.38,83.25,81.41,73.17
312.21,302.09,298.57,309.97,330.93,358.27,27.49,57.47,207.78,217.28,220.15,223.50,236.00,275.77,342.03,5.18,18.94,23.50,30.30,28.51,24.33,13.45,7.56,11.89,15.14,23.22,2.77,220.80,217.12,207.08,188.27,169.69,146.30,118.40,95.68,84.72,80.48,81.48,82.05,86.45,99.59,215.68,214.23,154.65,114.11,107.25,181.07,238.23,240.27,237.64,226.60,216.64,206.81,201.81,207.54,280.03,328.49,4.32,49.65,68.22,77.38,89.96,100.47,94.81,11.47,7.93,11.95,4.56,342.82,328.75,321.07,320.92,326.07,338.70,24.54,119.62,119.31,96.01,62.77,30.65,18.84,10.84,5.41,2.42,4.82,16.08,47.43,87.99,117.47,125.58,124.02,42.53,342.70,336.72,341.73,4.57,68.76,97.42,101.76,100.50
313.17,301.51,303.28,314.60,338.18,7.84,27.79,55.90,211.92,215.69,216.91,217.00,216.09,233.13,4.55,21.13,30.36,37.48,35.62,30.22,25.46,16.02,20.01,28.16,44.98,76.39,158.45,198.54,205.35,201.91,194.82,186.22,171.74,143.43,98.84,77.57,67.24,67.01,60.61,62.09,58.11,44.63,40.89,48.76,55.03,51.62,307.09,261.71,249.37,239.37,228.53,215.82,215.56,222.32,249.08,298.56,325.08,347.60,32.57,63.49,79.87,97.34,112.58,125.25,49.20,11.61,8.80,4.29,338.79,320.72,317.97,317.17,317.79,322.66,311.19,176.04,154.77,90.67,10.97,2.08,356.85,350.38,352.94,350.28,356.32,12.89,38.06,61.20,98.84,122.62,132.39,94.53,0.02,349.53,342.07,0.13,74.69,105.47,108.47,104.74
323.34,314.15,312.86,315.99,339.88,7.17,22.35,259.00,228.39,226.94,219.19,212.87,209.87,200.80,38.36,35.32,41.13,42.98,40.10,33.27,23.17,20.45,20.79,36.68,57.15,98.23,162.65,195.18,206.03,208.06,201.62,195.36,190.31,174.30,87.65,41.47,26.14,26.09,29.78,32.08,32.43,30.67,24.72,23.36,24.97,10.71,315.18,280.19,267.11,251.43,230.52,215.67,218.16,233.44,265.09,296.49,319.25,340.26,15.35,60.47,84.09,108.03,124.84,140.69,131.47,2.41,357.23,348.19,329.61,319.28,313.88,315.48,312.46,308.83,287.99,240.33,235.79,257.38,295.60,317.39,323.87,330.15,334.11,344.76,358.44,20.27,41.35,60.82,82.11,114.72,128.22,107.58,38.45,4.91,356.45,4.16,59.87,97.63,101.83,101.97
344.32,340.28,336.28,335.20,335.59,310.11,250.26,254.12,249.97,245.28,234.98,226.67,219.37,217.71,345.71,32.81,42.06,44.47,39.41,28.61,17.22,16.95,23.01,38.19,63.17,110.29,159.92,192.79,207.85,207.44,207.37,206.51,207.70,227.62,331.06,342.00,342.25,347.22,2.24,14.28,17.99,21.16,18.98,11.94,7.35,341.08,301.96,288.77,283.70,272.43,245.37,225.13,226.51,237.82,271.14,299.51,317.72,329.13,350.90,38.20,94.21,113.15,134.10,150.26,180.33,339.80,346.38,341.04,324.48,319.21,313.01,309.68,310.68,302.41,283.98,254.62,242.23,246.18,255.41,271.07,294.47,315.85,329.08,346.00,6.21,32.38,50.50,66.70,85.80,110.33,122.29,105.21,55.90,21.19,15.14,18.87,50.53,83.06,91.65,95.85
8.66,4.58,4.22,8.46,15.01,233.58,240.35,258.74,260.75,257.60,251.63,249.46,246.93,260.55,301.02,343.40,4.65,20.78,17.79,16.44,7.10,6.16,16.66,29.31,62.29,106.53,152.59,186.11,201.47,206.22,211.81,214.90,225.93,286.10,335.84,334.79,333.93,342.53,349.91,357.54,4.63,2.89,5.52,3.59,347.27,316.13,292.37,286.99,286.74,290.18,282.01,249.42,235.45,247.48,275.47,296.67,305.38,317.22,319.09,339.78,105.74,131.29,142.74,151.16,207.12,324.28,335.86,332.69,331.17,322.97,316.30,313.62,309.60,303.17,288.14,263.71,244.90,235.04,235.47,241.17,263.99,300.44,332.48,359.96,22.68,50.80,61.01,76.17,90.93,115.71,132.98,113.46,54.03,30.42,25.32,29.81,47.90,71.54,81.02,88.86
12.17,11.50,16.79,24.06,29.50,24.21,282.10,275.37,271.04,268.40,266.14,271.29,283.81,298.81,317.29,329.85,333.46,347.89,357.25,3.64,355.37,356.22,0.20,15.26,54.27,97.45,139.43,169.13,185.04,194.91,203.57,211.46,235.91,339.12,355.96,350.99,350.74,350.09,355.08,353.27,350.32,347.65,351.20,344.99,333.79,309.06,288.87,285.04,288.09,294.29,299.58,293.48,276.09,266.28,279.40,292.76,299.93,298.01,296.44,281.63,209.14,161.55,152.94,162.82,195.94,303.79,329.98,339.41,335.11,328.05,324.27,318.63,315.55,309.10,306.64,294.66,265.68,233.53,215.92,210.51,228.02,311.23,357.48,20.86,42.13,57.61,69.83,80.36,88.89,126.93,170.18,163.91,43.62,33.15,33.12,36.21,47.58,59.24,73.13,82.80
15.81,15.36,21.83,26.01,27.95,25.11,345.35,301.20,286.49,278.98,274.85,287.58,306.01,326.54,332.24,331.94,330.63,343.32,352.63,359.49,352.64,349.06,344.74,358.39,33.76,77.30,112.64,137.81,155.87,171.27,177.44,184.69,14.57,11.94,6.58,3.51,0.54,358.37,358.28,345.94,332.43,322.04,327.09,329.80,322.63,309.69,296.38,288.85,290.26,289.20,296.36,300.48,295.70,278.76,280.97,285.21,286.74,284.46,274.87,257.88,225.31,188.99,171.59,168.67,187.73,245.43,326.79,345.09,345.39,337.34,333.70,325.06,315.59,317.06,325.20,338.72,355.50,22.13,119.82,150.71,148.42,7.33,14.47,27.42,51.22,65.25,70.73,70.25,67.41,272.78,256.95,261.12,319.71,19.22,34.93,38.11,43.23,52.55,58.99,75.18
10.24,12.38,15.35,25.47,25.63,20.36,354.52,326.42,294.17,282.43,279.34,294.75,319.56,338.19,341.41,339.97,333.30,344.55,351.18,0.58,351.48,343.64,337.96,347.11,25.85,69.70,90.95,101.01,108.50,109.57,103.57,73.27,34.87,18.34,9.72,4.10,357.58,344.11,328.98,301.15,280.25,268.87,277.93,296.80,313.91,314.62,305.83,296.95,288.33,283.66,282.50,282.71,278.11,272.28,272.91,275.47,274.58,273.05,263.20,248.47,225.97,199.13,178.44,177.51,187.55,212.16,307.42,345.00,351.73,344.87,334.76,325.07,316.96,313.81,328.84,1.87,21.28,32.00,40.21,36.37,11.59,353.09,4.23,22.70,44.10,56.21,58.57,47.37,11.15,305.47,285.46,278.96,290.13,349.13,24.15,34.68,34.13,35.72,42.01,58.33
4.39,11.82,12.65,18.41,22.38,20.71,359.94,331.26,299.34,284.18,284.20,295.21,318.61,334.79,338.87,335.64,335.11,343.52,356.00,1.73,353.66,339.72,328.08,341.90,31.32,65.09,76.08,84.38,82.94,83.77,74.18,61.42,37.41,18.67,8.43,351.51,326.77,301.30,266.26,246.72,232.17,227.82,229.66,247.04,286.60,308.78,310.39,297.70,278.28,259.32,248.61,246.06,251.76,259.76,261.31,264.82,267.52,261.12,257.38,240.51,220.77,196.98,182.29,184.03,192.21,209.43,260.33,336.48,344.30,341.55,330.01,317.88,308.49,301.13,327.71,18.83,34.85,35.09,29.41,16.72,351.29,332.85,335.24,355.24,22.37,36.34,33.73,24.78,358.31,326.30,307.98,294.95,300.37,330.43,3.87,20.90,19.10,10.93,8.01,14.07
0.05,6.27,14.83,17.33,21.36,15.60,359.70,328.22,299.21,289.54,290.39,296.69,310.07,325.56,333.47,334.79,335.28,346.96,356.04,5.23,356.00,339.86,329.90,338.97,36.44,60.81,71.25,80.90,86.40,86.80,79.84,66.31,44.97,19.92,6.21,339.96,304.25,269.80,252.22,233.00,216.41,205.28,205.01,216.55,244.34,289.29,299.75,291.00,262.48,225.81,211.32,215.65,231.06,246.82,254.89,257.60,259.23,253.22,247.68,236.93,218.67,194.37,184.83,184.07,198.47,217.44,238.83,271.73,306.38,318.15,309.69,302.15,286.09,280.33,316.65,30.23,43.70,39.70,28.25,7.08,341.38,317.70,315.21,327.11,348.66,7.42,16.27,11.27,356.91,338.89,323.38,311.99,319.13,337.04,359.40,5.50,1.76,348.19,341.53,336.64
353.87,1.11,6.29,15.26,16.63,8.12,346.25,315.65,298.52,290.11,297.57,301.28,316.94,330.39,334.54,339.41,344.83,353.81,4.91,13.22,6.60,349.74,333.92,352.23,32.87,58.58,70.67,81.85,87.62,95.97,87.63,75.02,53.58,32.62,13.61,337.22,289.22,261.28,248.41,228.66,208.12,199.93,202.47,209.48,229.54,269.82,293.00,299.21,259.12,181.58,189.36,210.83,224.64,236.51,242.23,247.22,245.64,247.16,242.99,231.65,214.17,194.58,181.75,188.42,201.05,215.82,228.51,230.79,240.08,260.53,268.61,268.03,263.86,250.33,254.77,53.49,52.56,43.50,30.71,7.94,340.09,312.02,306.73,307.88,329.35,348.15,1.09,6.60,1.92,350.87,336.83,331.67,331.72,352.82,7.23,3.48,348.95,329.15,320.57,307.29
347.64,343.80,351.43,355.78,2.07,345.96,320.01,301.48,297.02,297.26,304.59,312.31,325.99,340.43,347.02,355.31,356.67,5.49,25.25,33.25,26.32,10.12,1.67,11.95,36.75,50.78,61.53,78.70,99.20,102.24,94.82,82.72,63.69,47.26,34.97,13.81,304.91,268.31,247.23,224.30,196.93,194.06,199.21,206.61,229.89,270.64,301.56,321.84,8.80,124.57,183.10,212.59,229.77,240.42,241.93,242.92,239.11,238.23,232.81,222.42,204.87,190.57,179.80,186.61,204.49,214.82,218.04,223.23,222.66,228.25,235.91,244.25,236.84,224.47,188.13,78.14,60.96,49.03,30.94,11.76,340.75,313.17,296.71,294.45,304.29,330.70,348.91,359.70,2.42,351.25,345.99,341.88,343.32,5.60,39.09,30.28,325.41,302.04,284.42,259.07
337.96,333.17,334.76,330.54,330.85,316.71,299.21,290.39,295.42,302.99,313.02,328.10,346.38,1.53,10.06,8.95,8.16,16.87,27.16,35.69,31.31,23.94,23.40,32.25,39.91,53.40,64.97,86.30,107.47,111.52,100.73,89.03,73.61,63.21,62.65,56.15,36.19,354.38,298.09,200.75,188.19,190.96,199.41,214.24,233.04,275.45,315.86,347.65,15.27,50.20,152.83,214.43,231.11,241.17,247.88,245.29,236.50,228.01,222.48,212.04,204.46,192.33,186.35,194.66,203.99,210.89,214.38,211.42,217.91,217.03,222.08,221.83,217.61,205.71,176.73,106.04,63.63,47.57,32.05,16.45,347.54,313.84,287.30,265.89,256.34,272.68,331.47,354.47,357.02,350.49,343.90,334.40,330.51,148.47,149.38,155.41,180.08,211.47,218.31,205.08
331.41,327.32,323.60,318.48,317.64,304.88,295.26,296.56,297.98,310.86,327.15,349.46,7.17,21.24,20.68,15.28,15.07,20.76,25.70,31.42,32.98,30.55,33.69,37.44,51.50,62.44,77.58,98.49,118.61,116.20,108.59,93.85,81.21,74.08,72.72,62.90,53.77,51.21,50.78,71.75,141.16,184.30,200.49,209.34,236.96,300.50,342.59,2.45,21.18,38.73,70.06,209.56,234.29,246.01,250.43,248.66,238.32,219.08,212.72,207.33,199.27,198.43,197.36,202.02,204.70,204.11,201.59,208.38,207.83,213.41,215.56,215.87,209.24,198.74,180.66,130.94,73.22,44.89,33.35,15.78,357.30,309.19,253.64,226.61,209.53,200.13,207.28,335.57,339.21,331.02,313.35,297.41,256.76,188.74,169.45,161.06,166.65,172.27,180.51,175.37
328.21,324.97,323.38,321.15,312.30,304.18,301.67,309.06,316.50,333.00,347.60,3.60,20.73,24.39,19.82,12.60,6.80,15.12,18.70,25.94,28.46,27.53,33.43,46.13,57.71,73.59,91.85,114.85,127.23,124.33,106.36,89.48,79.80,78.83,76.02,68.85,63.47,59.08,64.30,82.04,115.92,157.93,188.54,198.14,253.48,344.04,0.10,11.02,25.75,34.73,54.84,139.21,227.44,238.55,249.68,246.16,230.72,212.40,205.96,199.13,201.34,197.07,203.97,201.10,197.20,194.62,197.67,200.08,203.39,204.13,207.34,206.33,204.21,195.89,186.55,158.33,80.93,41.52,34.58,22.80,2.29,265.32,219.27,205.59,192.00,187.50,179.25,289.64,315.36,308.29,294.84,287.34,255.88,201.96,173.66,163.91,158.13,153.28,153.60,160.05
329.93,321.07,319.61,316.54,315.52,310.53,312.62,322.44,335.36,351.88,3.73,17.51,25.93,24.08,17.78,4.11,3.02,6.54,21.49,27.02,29.74,28.32,33.59,47.22,72.74,96.21,110.48,125.77,131.00,122.68,102.17,88.89,82.39,81.36,81.41,75.76,73.25,76.53,82.64,98.62,117.64,134.34,144.10,122.11,37.30,8.06,7.47,14.06,21.29,32.03,50.50,87.39,191.99,224.10,232.13,228.39,220.56,208.32,202.82,196.88,195.16,195.66,200.74,199.98,193.20,191.31,188.21,192.78,195.82,199.11,205.58,200.83,198.89,198.03,192.40,186.47,108.75,42.22,34.40,28.64,13.83,215.64,207.82,201.33,186.86,179.23,173.49,242.58,307.25,301.09,300.41,300.53,294.15,276.29,222.01,208.71,310.30,343.93,349.75,0.75
322.06,319.33,316.59,315.32,315.95,318.54,318.20,332.54,347.59,359.05,9.36,17.11,20.35,20.49,14.25,4.49,358.59,7.30,20.29,24.84,32.42,28.16,35.17,46.39,76.79,105.39,123.61,131.43,125.56,104.30,94.31,88.05,84.66,83.02,80.11,79.23,83.55,89.06,102.34,111.29,119.37,115.76,100.74,72.80,40.62,16.53,8.65,8.31,17.87,30.48,49.05,85.49,165.34,198.72,213.23,212.74,207.96,205.18,200.29,195.65,188.53,192.37,191.60,192.72,190.48,188.79,183.96,187.16,193.50,200.56,203.20,203.72,200.09,196.41,194.09,193.65,195.33,36.87,41.58,55.01,211.99,215.56,209.74,198.54,189.78,173.85,157.49,165.62,277.91,294.63,303.47,312.10,319.26,324.33,326.83,323.86,325.66,326.81,329.00,324.81
321.88,317.31,318.84,316.73,320.38,320.27,325.89,343.56,356.43,1.86,2.47,14.13,19.88,21.87,16.81,10.29,4.68,17.64,28.14,28.98,35.94,36.90,38.01,46.40,70.44,96.71,114.29,122.37,75.89,63.97,74.01,81.83,89.01,86.46,86.47,84.44,91.95,100.22,107.95,116.87,118.26,103.13,85.13,69.00,49.55,26.02,6.37,4.18,12.11,26.11,54.18,97.97,157.57,188.97,198.66,201.48,201.05,201.35,202.76,192.65,186.91,182.20,187.56,185.31,185.71,186.60,181.70,183.79,190.46,192.19,197.27,194.93,192.34,191.21,188.75,189.32,194.40,189.57,178.08,205.32,222.62,226.50,225.38,211.58,185.13,158.30,147.07,147.62,169.34,268.26,307.89,319.21,324.41,326.44,321.76,318.71,317.88,318.99,320.52,322.51
316.32,313.61,314.23,318.11,322.51,330.16,342.53,0.42,4.98,0.67,357.52,8.96,19.93,25.64,26.66,26.22,27.35,26.84,36.52,35.27,37.10,38.37,37.85,46.25,63.36,82.91,94.14,31.22,356.50,15.43,47.87,73.13,86.22,87.42,84.35,90.48,92.51,104.99,113.87,119.48,110.51,97.89,80.72,66.56,57.08,35.11,13.67,1.25,2.31,28.57,68.35,106.90,142.93,166.21,176.93,173.40,188.01,203.10,204.85,199.20,183.83,176.38,175.85,178.13,179.79,182.44,181.93,182.25,184.69,190.88,195.49,193.52,188.58,178.49,172.02,172.87,177.82,187.87,195.18,218.52,234.95,240.81,240.31,219.42,170.98,146.27,141.59,145.99,151.80,161.47,294.04,313.02,313.40,309.19,305.46,308.71,311.22,312.29,315.57,319.91
307.62,310.34,314.43,324.33,333.77,350.19,10.49,28.07,25.12,4.78,356.81,11.06,25.33,37.59,41.01,51.39,53.38,48.03,41.17,36.32,35.07,36.03,40.61,56.45,70.59,81.26,76.54,23.01,350.70,356.99,24.42,60.16,87.88,93.22,94.85,96.41,102.54,112.96,119.93,120.81,118.03,101.48,84.41,76.41,66.07,54.99,28.61,359.02,353.97,43.27,84.37,93.43,106.38,107.38,89.95,81.27,83.21,200.81,217.31,206.70,186.71,172.68,175.92,174.21,176.04,171.73,171.63,174.02,177.33,187.23,189.15,186.77,176.13,165.21,157.40,151.14,158.56,174.85,196.89,221.21,241.09,250.72,250.11,223.02,157.93,138.52,140.69,141.43,145.33,145.54,156.96,255.46,268.41,274.96,282.23,295.01,300.05,305.31,311.26,312.32
297.02,299.63,310.83,331.90,348.13,9.04,26.51,38.86,38.76,18.82,11.87,18.03,34.62,41.15,51.06,61.37,73.03,74.34,54.64,39.23,34.36,36.73,45.56,61.36,75.73,86.27,82.36,52.78,11.74,2.28,17.74,59.25,101.79,116.37,118.56,117.63,123.53,135.01,137.26,138.27,128.12,109.90,98.36,82.40,78.76,67.65,55.36,12.39,359.94,53.24,66.50,72.77,75.00,71.68,67.30,62.26,55.99,36.36,235.34,221.34,192.33,179.30,170.56,171.52,167.96,166.39,159.27,162.86,169.53,176.46,179.05,176.78,163.63,148.42,133.11,128.31,131.45,158.89,200.09,229.83,248.07,254.37,250.05,197.10,146.98,141.80,140.38,139.18,140.82,145.60,158.98,205.68,234.79,249.30,261.04,275.74,288.88,298.20,305.76,310.63
288.87,295.83,311.74,332.97,359.41,16.10,30.44,37.46,42.96,33.25,29.71,28.72,36.76,46.76,52.72,66.25,86.05,81.46,60.54,41.09,33.19,40.59,54.67,75.50,85.31,87.71,85.09,68.16,43.99,26.05,42.21,86.43,120.21,131.87,141.52,149.88,165.68,172.05,165.02,155.50,143.59,124.31,107.72,95.93,91.92,87.05,79.57,53.33,31.83,38.52,46.21,54.11,62.55,60.63,60.32,55.93,49.58,29.71,241.19,230.93,207.64,186.21,171.94,164.51,161.79,153.69,147.95,147.53,158.69,169.25,170.21,169.89,157.70,141.12,113.78,100.72,95.33,113.97,223.35,251.10,258.67,257.83,234.27,179.31,149.68,142.01,145.02,141.57,140.04,142.52,155.45,193.72,223.09,232.95,245.58,267.20,289.65,295.69,303.83,302.62
286.71,294.05,309.74,328.65,350.98,9.39,28.04,36.11,37.18,40.15,39.06,36.85,44.26,46.09,53.99,68.74,89.00,87.52,60.28,42.51,41.13,50.51,69.84,83.81,92.86,92.23,87.61,80.05,64.88,58.41,70.17,100.49,122.23,137.95,146.53,155.63,170.75,184.97,173.93,159.59,144.63,131.63,111.21,104.71,103.90,101.54,93.98,66.87,42.92,35.94,39.10,45.81,52.98,58.97,59.22,57.39,55.89,33.19,242.75,236.32,228.72,207.00,183.73,173.39,160.09,148.27,143.99,148.02,155.18,166.14,174.48,169.96,154.65,132.45,105.03,77.69,56.21,21.29,311.84,279.88,274.50,255.87,217.41,170.70,154.55,149.00,143.58,136.27,133.87,126.90,131.25,171.58,207.91,214.17,215.49,357.33,347.67,328.83,319.70,310.61
289.64,293.74,306.39,321.83,342.25,359.88,15.41,30.30,34.35,35.00,43.49,42.50,48.14,48.88,49.45,66.01,86.17,90.28,63.36,43.83,48.81,61.86,82.02,89.64,96.63,91.10,82.51,78.20,68.87,69.75,87.28,107.93,124.82,137.30,143.29,151.46,164.99,169.55,165.35,149.86,135.36,125.12,121.46,117.13,117.21,113.91,97.64,66.28,47.35,37.05,37.70,39.02,45.19,58.53,59.64,57.37,58.22,71.85,224.88,234.74,239.21,226.29,201.98,178.75,165.03,151.73,139.74,143.34,162.07,171.68,178.42,176.11,160.30,131.52,99.62,71.43,34.14,359.64,328.42,302.92,279.84,254.77,198.78,167.11,155.54,150.97,144.70,134.78,117.35,101.14,73.97,53.33,53.02,61.58,68.53,68.79,62.33,52.64,42.83,32.10
289.32,294.26,300.83,313.84,331.57,351.33,4.46,19.55,26.63,36.15,48.01,55.19,55.72,59.29,58.80,65.85,84.08,95.56,77.89,58.62,65.71,76.32,93.32,95.40,94.75,89.11,86.09,72.44,70.24,74.95,90.62,115.28,131.58,136.65,144.35,151.40,156.88,155.30,134.77,128.94,120.65,118.10,124.59,133.89,133.97,121.22,95.52,64.93,50.81,38.30,36.53,39.92,41.92,54.88,60.54,70.06,76.58,92.47,127.37,185.34,220.34,220.10,207.31,184.09,165.76,152.76,147.36,148.92,168.17,198.36,197.62,184.62,153.35,127.39,98.71,67.14,19.69,342.27,317.48,300.87,279.80,241.88,178.08,155.74,151.36,148.40,142.14,128.77,105.24,72.19,47.58,42.92,48.54,59.00,66.50,72.24,64.59,59.68,49.62,44.19
285.72,287.84,296.61,307.93,322.01,334.21,347.33,4.86,19.85,37.87,56.41,70.60,80.16,78.89,70.50,64.02,69.99,78.48,81.76,77.83,81.97,87.48,98.80,101.04,100.41,89.76,82.50,73.57,64.99,76.82,92.86,116.36,136.48,141.15,147.89,152.55,151.40,108.73,84.96,89.21,96.73,112.73,137.48,159.62,158.13,132.87,91.32,62.96,51.41,43.93,41.52,36.62,42.91,52.47,65.62,84.95,90.78,100.09,105.42,123.50,162.87,192.67,189.49,179.97,164.87,155.10,143.57,149.69,211.68,268.57,265.10,238.33,135.90,99.76,82.96,44.28,332.93,300.31,282.82,270.54,255.96,172.27,145.79,140.95,146.77,145.77,144.30,130.52,95.72,60.51,40.37,38.27,44.17,52.62,67.42,71.93,66.39,46.99,5.50,346.52
283.44,282.73,288.56,300.50,305.31,312.92,319.20,334.49,0.05,41.24,89.02,108.49,116.67,113.19,97.43,67.11,47.49,51.19,66.20,75.53,87.81,95.70,97.25,100.34,99.45,93.02,83.20,67.87,65.39,76.09,94.71,120.47,144.43,153.30,162.40,177.65,214.62,14.03,39.65,52.51,55.60,94.98,193.58,191.71,180.14,153.94,91.31,58.40,45.69,41.56,42.45,46.23,46.16,54.00,67.73,88.18,98.49,101.57,106.97,113.36,143.61,172.38,175.42,173.30,162.91,156.89,147.78,160.71,295.22,304.00,313.77,324.46,357.55,24.14,18.11,342.68,291.86,265.28,252.37,233.35,206.72,135.50,124.07,128.96,141.49,144.58,145.10,136.48,94.48,51.71,30.92,31.16,38.33,51.43,63.41,67.74,59.43,302.59,299.41,309.48
285.45,288.40,291.02,292.76,295.20,294.77,291.81,286.84,280.59,190.44,150.85,146.67,147.86,146.72,138.68,88.08,21.83,27.94,44.60,63.46,77.92,83.09,92.54,96.32,100.40,94.87,87.75,72.31,68.60,78.98,95.63,126.57,158.24,176.57,194.51,221.25,250.12,307.74,5.18,21.16,8.62,297.41,230.35,209.18,194.62,174.68,100.70,53.12,41.08,41.91,48.96,57.78,54.48,60.06,66.99,81.73,94.04,95.38,100.28,116.07,142.70,165.57,172.43,170.57,168.43,159.73,162.43,227.61,290.77,304.94,319.58,335.54,349.00,356.40,346.79,312.01,273.02,247.73,230.92,224.77,207.54,150.75,115.05,117.06,131.42,142.04,151.23,144.31,104.84,41.59,23.72,19.02,31.59,41.35,51.24,53.19,246.74,254.85,263.58,281.11
300.02,291.76,289.01,290.58,287.11,283.42,273.57,261.70,246.02,209.81,173.77,160.85,163.73,160.22,163.66,172.02,339.86,0.87,20.44,42.48,60.20,65.26,73.76,80.34,86.74,92.92,85.12,81.91,77.15,83.18,95.10,130.88,169.28,198.27,216.76,239.10,252.37,276.78,325.92,351.25,338.68,294.44,244.65,221.78,210.68,193.79,107.07,38.59,24.99,30.79,50.71,68.11,65.69,66.65,70.77,81.35,89.85,94.53,98.08,117.26,153.20,170.86,181.43,181.12,172.72,172.54,188.17,237.44,276.51,296.57,314.27,333.98,346.37,344.74,330.50,297.19,257.49,235.83,221.45,217.82,204.37,176.89,126.77,113.74,120.08,134.64,147.67,145.56,110.71,54.39,32.19,22.36,15.85,15.64,342.19,262.15,236.51,231.06,225.91,203.51
342.57,316.88,298.85,286.38,286.34,276.04,266.36,255.94,241.24,210.14,180.21,165.26,163.85,166.30,174.47,190.34,255.42,327.99,358.88,25.92,42.66,46.93,50.09,50.15,54.84,64.00,74.29,83.66,78.41,83.38,96.01,134.09,182.84,213.54,235.97,247.67,254.71,269.95,299.57,333.75,329.75,299.14,259.43,235.79,221.41,211.95,32.08,21.70,17.57,25.90,59.33,73.48,71.48,69.84,67.79,75.10,83.75,90.64,96.75,124.72,160.56,182.09,186.53,185.13,183.99,185.54,194.32,223.78,255.77,288.34,309.55,331.14,343.13,340.25,316.72,282.42,243.90,224.01,214.41,208.33,205.36,198.31,152.78,113.47,104.73,115.83,127.09,125.55,113.46,91.64,61.40,37.39,12.74,335.35,301.05,263.19,228.13,193.70,154.74,123.16
37.51,356.92,300.17,286.15,278.61,272.07,268.42,257.07,245.92,206.40,172.30,163.44,163.68,165.87,171.48,187.40,236.45,296.34,335.71,13.13,31.01,33.05,36.83,31.72,30.92,39.42,64.02,77.62,78.71,81.04,85.89,123.18,193.83,232.24,249.21,256.48,263.50,275.32,300.16,329.58,335.91,321.69,295.82,267.51,253.11,269.55,24.53,27.81,30.69,45.17,67.75,71.90,66.90,63.32,66.08,74.71,78.54,86.43,93.32,128.41,171.09,186.65,190.49,189.40,189.93,188.88,193.69,206.76,231.66,273.01,322.62,344.47,345.70,330.83,303.50,264.47,235.00,218.08,210.73,209.10,207.39,206.09,195.31,114.51,85.16,95.48,107.11,111.77,111.50,105.69,98.30,71.39,6.04,317.66,297.19,264.99,172.72,126.02,111.46,100.89
57.98,10.35,288.30,277.87,276.86,278.27,274.94,276.73,279.55,196.60,152.77,149.61,157.16,156.77,165.10,185.24,233.11,287.78,319.21,356.19,16.38,23.97,28.03,20.47,14.08,31.93,63.40,73.75,74.01,70.13,67.66,65.17,354.90,269.10,269.83,267.49,272.22,283.58,311.46,343.96,354.24,352.75,338.55,322.13,319.10,34.96,70.03,72.72,75.80,76.26,76.83,68.82,60.58,62.84,61.59,68.20,72.52,78.07,80.00,134.91,184.18,195.19,201.35,198.04,189.68,186.45,181.92,178.95,179.88,153.10,30.20,14.36,359.80,326.29,288.50,260.66,234.25,215.16,205.89,204.62,210.31,214.02,221.47,201.67,67.50,82.47,99.64,114.63,116.49,116.29,118.20,110.03,3.36,305.30,304.38,95.98,103.59,101.03,97.35,93.69
74.22,277.62,270.23,270.63,269.56,279.17,296.07,310.03,323.99,8.34,128.06,142.90,145.86,152.56,164.11,187.94,244.10,285.61,310.18,345.01,9.23,16.31,17.55,2.15,347.62,27.86,65.24,66.86,59.63,56.34,44.68,38.87,23.50,338.51,305.36,291.69,292.72,303.01,337.64,15.78,20.86,18.45,10.88,11.59,51.78,105.47,116.12,108.52,106.93,104.76,88.85,69.17,55.21,53.25,58.73,61.84,61.05,52.39,30.29,285.00,214.45,209.91,209.34,206.73,199.01,187.03,174.30,164.51,142.62,114.37,73.65,40.82,8.09,325.92,290.97,262.39,232.35,209.94,204.04,200.50,208.17,218.53,232.17,252.90,356.49,66.78,98.57,117.76,122.75,128.23,133.74,142.09,176.95,252.66,87.10,100.14,96.20,93.20,92.58,89.40
237.10,257.32,259.43,261.96,265.88,279.95,303.02,314.48,318.36,323.78,141.78,143.24,145.19,151.82,164.82,198.83,258.81,287.36,304.07,330.90,354.55,6.37,350.48,297.30,250.13,215.67,85.40,62.01,55.98,46.23,42.68,38.78,32.80,14.48,336.44,319.75,318.74,343.40,27.23,50.57,51.59,54.37,53.03,69.36,111.90,127.55,129.72,125.54,124.94,114.29,91.83,61.36,50.59,47.89,47.77,49.98,44.24,32.56,358.74,318.86,237.99,220.82,215.00,214.10,204.39,196.26,182.18,160.32,138.04,107.02,82.01,48.00,10.59,334.15,310.60,288.30,246.01,205.64,193.64,203.10,210.26,225.03,238.10,254.44,283.08,306.49,93.46,118.51,130.33,134.71,147.48,160.06,175.73,163.91,115.61,104.84,98.06,94.79,90.74,91.73
252.02,256.03,250.11,253.44,259.65,273.19,295.94,300.02,295.81,261.32,177.87,157.17,151.51,155.86,171.39,230.03,277.47,290.60,299.09,311.27,324.81,312.09,265.10,241.05,223.38,210.80,132.81,68.56,56.65,51.67,58.28,61.01,54.92,36.18,8.18,348.19,0.85,43.27,66.86,75.01,80.90,78.42,92.02,108.44,128.55,136.57,136.75,135.72,127.07,114.55,85.94,57.83,46.64,43.45,41.10,43.86,37.90,23.87,8.85,346.25,242.66,219.16,218.15,217.08,218.29,213.78,208.96,181.04,148.00,109.75,68.71,21.47,352.82,337.43,332.72,336.60,354.82,148.83,177.22,197.77,214.07,228.82,247.10,258.93,272.24,284.84,299.29,339.76,125.70,139.27,156.13,172.81,180.27,165.09,134.62,111.16,105.45,101.45,96.68,93.87
281.26,266.68,253.19,249.44,252.16,256.62,267.20,272.43,250.69,222.24,185.17,162.64,158.90,163.78,196.42,265.48,286.55,294.22,290.09,283.57,265.08,250.81,231.80,223.81,215.70,200.63,153.42,84.02,76.27,84.14,106.29,127.89,131.87,111.88,83.33,52.77,60.13,74.81,87.40,91.98,96.21,98.02,102.15,115.66,132.73,139.20,137.63,132.24,124.82,105.63,75.67,52.37,46.30,41.64,42.73,43.20,41.85,35.23,35.78,37.61,177.06,206.47,216.23,227.05,232.56,234.71,234.62,222.14,212.06,238.02,313.29,323.81,328.31,337.06,346.56,359.70,23.97,63.64,99.76,137.99,208.01,264.03,277.65,274.40,280.81,293.02,307.65,336.61,35.54,113.97,154.97,179.14,189.14,186.63,171.42,144.18,125.39,114.10,102.87,100.32
330.85,306.53,277.54,257.12,243.96,241.94,234.70,227.95,204.78,184.29,171.57,164.15,162.17,180.41,222.74,270.51,282.19,280.11,267.87,249.08,238.49,229.59,216.06,208.00,197.55,183.18,145.58,99.36,98.49,109.68,136.75,153.83,161.44,159.74,144.85,125.21,100.17,96.79,102.32,105.11,103.80,106.21,105.38,116.48,128.02,133.26,138.38,132.91,121.02,92.44,62.58,52.47,50.98,53.67,52.75,57.31,59.87,57.94,58.40,71.07,134.67,200.04,218.13,230.06,239.70,246.35,246.16,249.88,252.72,263.76,269.99,280.91,307.63,325.54,348.56,4.94,28.03,53.77,69.44,62.32,49.23,35.42,27.93,6.25,312.81,316.75,334.04,357.57,29.20,71.06,134.93,184.13,202.25,207.28,202.98,190.01,176.66,153.11,126.28,118.84
343.83,328.87,304.16,276.77,252.07,227.48,214.88,196.51,177.49,168.95,160.40,162.07,172.81,192.28,222.50,247.28,260.55,252.68,234.39,221.51,217.04,205.66,197.09,186.98,179.59,164.00,135.83,109.50,106.71,123.17,147.64,161.17,162.35,157.48,150.99,136.47,124.38,127.02,129.52,124.93,112.82,105.01,103.86,105.96,120.77,125.30,128.38,127.36,112.00,91.55,72.17,67.17,66.93,74.98,76.56,82.79,80.01,77.33,79.72,89.47,137.71,201.46,222.70,237.81,251.75,257.60,257.69,253.88,251.19,243.95,241.78,247.40,270.13,305.43,337.07,7.58,35.88,54.44,60.25,56.85,49.66,42.77,51.06,58.19,54.61,22.94,15.38,27.09,48.33,61.17,99.32,198.61,218.13,216.22,216.48,212.12,208.02,193.44,178.76,155.14
349.50,335.56,312.69,286.63,260.97,229.62,203.68,188.44,168.12,157.80,156.19,164.27,182.25,198.39,219.01,229.69,236.73,229.90,217.35,205.95,199.44,193.90,183.96,174.85,161.78,148.34,130.89,115.20,111.44,125.65,145.58,153.95,158.47,153.72,147.07,138.11,164.99,226.88,221.45,184.12,129.66,102.69,95.10,96.76,107.91,125.95,132.01,124.99,115.73,99.84,90.01,83.76,87.60,90.33,96.10,100.84,106.38,95.39,96.09,109.89,173.51,219.29,238.71,250.62,259.75,270.63,267.52,254.61,229.31,218.41,212.97,220.85,226.17,253.58,315.70,6.61,36.87,52.62,56.16,52.10,46.96,51.04,59.40,69.71,72.75,69.43,58.75,59.02,57.40,62.15,75.07,219.78,224.34,224.04,215.89,216.75,211.85,208.42,199.91,192.13
354.23,330.29,311.25,286.02,264.47,229.46,202.48,183.99,176.81,167.78,166.40,174.87,189.14,200.04,215.45,224.52,224.31,216.21,202.16,193.55,183.11,179.21,175.24,166.84,156.75,148.32,126.90,113.74,113.81,126.23,140.38,152.46,151.78,149.79,143.69,142.50,263.73,268.73,258.83,247.08,210.31,81.36,75.28,82.77,96.65,126.29,134.46,135.12,126.08,112.31,107.11,102.83,103.58,109.13,115.16,128.49,126.55,119.98,121.27,154.46,221.89,239.60,249.49,257.57,272.62,280.48,279.17,246.31,198.19,192.82,200.66,201.15,209.48,217.87,244.23,4.04,40.15,46.59,42.00,38.21,39.56,43.96,57.52,69.43,77.86,80.29,75.91,69.36,66.26,57.61,19.86,267.71,241.58,227.17,217.19,210.89,212.63,210.29,208.38,203.27
1.59,324.42,302.13,285.56,260.13,222.31,199.25,187.13,184.95,182.72,178.34,183.34,190.34,204.25,210.33,218.42,217.98,213.50,194.52,185.77,179.23,178.16,178.36,171.38,161.55,144.04,118.51,102.79,102.43,115.31,126.71,142.21,142.89,144.34,143.56,266.38,285.03,282.38,271.38,265.70,277.16,31.80,56.85,68.73,94.07,133.34,145.91,144.93,138.27,129.11,122.56,119.35,128.46,132.04,144.78,152.99,154.13,154.84,160.63,209.46,241.16,251.53,258.39,264.36,274.64,287.50,295.00,175.71,162.48,176.76,194.23,200.87,206.94,216.40,231.36,302.68,15.86,24.74,21.41,19.95,18.79,34.68,51.18,64.01,69.29,77.77,72.34,61.38,47.01,5.12,312.87,281.33,253.72,233.57,225.29,218.73,214.55,215.35,209.76,208.17
82.31,298.42,290.13,279.34,252.81,222.12,196.13,192.01,192.13,195.32,189.20,183.38,184.57,191.22,202.90,209.74,209.07,201.32,193.05,177.47,177.75,175.85,179.12,178.06,162.17,136.86,99.45,85.15,87.03,97.23,117.08,124.63,135.15,146.99,225.97,286.47,287.39,282.89,277.28,277.01,278.38,334.83,44.93,60.07,94.70,146.99,166.86,162.61,157.37,151.96,146.91,152.65,163.31,167.82,175.34,178.82,177.92,178.33,192.05,229.13,254.66,260.44,258.77,260.46,269.55,282.21,323.13,83.73,121.03,174.21,215.76,226.83,234.24,246.49,263.05,287.14,320.56,341.87,346.82,346.60,355.12,9.76,34.57,48.07,60.87,55.60,45.15,11.15,336.50,309.97,293.42,272.70,257.86,241.54,231.18,229.31,225.25,226.79,222.76,212.05
172.39,244.52,270.95,272.89,255.71,223.02,202.70,200.78,198.60,202.51,191.22,177.13,165.55,167.85,183.46,188.17,190.70,188.99,183.80,177.03,179.15,176.39,184.42,180.48,164.42,97.08,56.81,55.64,63.05,83.64,101.07,108.71,119.30,152.98,277.21,285.08,286.94,288.29,278.87,276.07,277.64,315.06,42.46,64.43,92.54,168.92,202.95,205.13,202.20,197.59,197.61,195.25,194.13,196.83,202.99,198.45,193.96,196.99,213.85,240.74,260.12,260.97,258.97,253.89,254.34,255.50,353.65,62.48,59.63,330.48,275.03,265.23,270.89,277.50,280.77,283.75,292.14,297.69,304.67,313.45,327.86,349.80,11.44,34.65,38.46,30.32,355.10,328.22,311.51,297.62,285.24,267.29,251.24,238.16,234.43,233.95,238.15,235.32,235.04,223.61
182.96,232.16,260.07,267.75,263.41,240.47,216.39,208.47,204.42,204.29,196.03,178.18,165.47,161.78,161.01,170.26,177.14,179.76,180.54,181.31,180.56,179.30,179.36,175.06,126.20,49.50,40.18,41.60,56.02,74.54,96.96,100.33,105.77,161.30,285.91,287.89,285.25,284.82,283.13,283.14,288.85,331.35,46.41,61.63,73.00,202.23,245.32,250.77,255.75,248.07,235.37,221.98,215.32,217.57,217.45,216.27,208.27,216.47,229.86,250.04,259.48,260.82,248.61,240.16,233.03,227.87,62.48,39.25,21.56,341.73,308.85,298.23,293.48,288.02,288.88,280.99,280.34,280.16,281.73,290.22,308.32,329.88,358.01,15.47,18.13,356.59,327.07,310.76,301.86,291.02,274.58,258.01,242.22,238.64,231.77,238.07,238.05,239.94,239.99,231.35
190.84,226.37,253.62,260.33,264.00,252.32,222.79,213.86,211.17,207.36,198.65,187.73,173.90,166.31,164.76,163.51,168.85,174.67,182.10,181.04,177.87,168.72,159.72,134.62,85.51,53.77,40.91,45.13,60.47,85.39,97.76,104.75,103.08,62.75,293.46,290.74,290.54,291.60,286.27,289.60,307.41,2.06,39.21,49.43,44.75,353.17,286.99,275.80,277.80,270.00,253.78,237.56,232.04,230.25,229.59,228.73,229.82,237.63,247.01,256.79,256.84,246.74,230.80,223.33,211.85,205.94,93.85,21.82,5.08,345.51,329.54,310.50,303.13,301.25,290.21,280.29,267.02,265.42,266.51,270.68,289.37,311.50,348.02,9.32,0.53,334.46,312.02,301.22,296.16,286.44,278.55,260.54,239.05,231.50,230.65,231.39,235.05,235.74,237.93,238.65
188.40,221.22,245.13,261.05,262.14,255.91,224.74,212.88,208.28,214.69,206.18,199.00,189.24,172.96,168.60,166.89,169.60,179.18,184.55,180.09,170.01,150.12,129.57,111.72,90.52,76.20,65.85,65.71,84.15,99.22,107.60,114.08,115.38,93.64,298.34,293.05,295.68,297.16,296.70,302.03,322.32,8.82,30.69,31.79,21.01,352.96,318.62,303.23,301.02,295.91,278.82,258.40,244.99,239.09,239.51,236.97,242.56,254.44,259.32,259.66,251.90,231.49,211.15,203.35,195.11,187.95,105.60,17.66,6.36,353.90,340.77,334.53,324.84,309.97,296.87,277.33,262.03,253.34,255.09,257.95,263.06,280.44,321.94,2.62,345.95,316.35,305.80,296.73,299.22,294.53,283.00,269.22,242.88,225.43,226.38,225.36,224.40,225.59,233.42,241.06
193.60,224.70,245.76,259.08,262.24,253.35,224.95,212.93,212.14,215.52,214.72,206.68,189.97,180.43,175.96,174.37,173.29,182.12,185.19,179.02,156.94,131.03,114.43,104.07,96.45,88.88,89.80,91.21,107.67,116.83,120.74,124.81,129.21,155.58,297.42,306.55,304.71,309.37,311.56,314.06,335.98,358.21,13.28,14.52,1.86,351.14,332.30,324.15,320.75,321.37,311.86,288.12,264.17,248.80,243.23,242.25,250.26,257.32,254.86,250.07,234.08,210.26,196.42,184.24,183.71,168.57,111.14,17.58,8.12,0.13,3.19,13.81,12.35,352.42,313.02,280.07,264.77,254.67,251.09,252.28,253.49,242.31,225.67,216.42,282.06,294.28,299.12,300.00,302.79,304.89,308.33,319.31,345.00,178.82,209.04,214.79,216.82,220.94,228.35,235.84
190.99,223.41,243.75,254.89,259.65,253.52,217.05,206.62,210.28,219.77,219.53,211.76,196.33,185.41,179.55,179.20,177.94,186.49,182.50,166.54,134.00,110.31,102.77,98.21,99.19,102.73,108.35,122.41,128.53,138.22,139.29,145.82,150.16,184.37,294.22,311.41,317.84,322.91,323.22,327.68,335.85,347.52,351.76,347.02,347.89,341.70,336.55,339.26,338.62,343.31,341.81,336.16,304.72,264.57,246.56,237.71,235.98,244.28,243.04,235.14,212.37,194.32,176.80,170.08,163.48,143.40,106.94,37.47,18.77,22.21,40.30,58.01,60.82,47.59,353.92,299.41,283.52,269.95,266.21,261.83,252.72,244.04,234.67,226.28,245.32,270.13,290.32,297.13,306.99,320.87,344.71,15.73,37.55,45.51,51.42,214.94,220.04,217.88,222.47,225.94
181.84,214.32,242.48,254.85,261.57,252.90,145.88,161.68,226.33,239.75,241.12,226.58,204.08,189.56,181.64,185.80,187.39,189.54,177.98,131.97,97.43,83.81,83.44,90.45,97.53,108.87,121.72,137.16,147.88,155.18,157.27,160.89,169.36,194.40,270.00,313.74,332.79,339.88,337.03,338.10,334.78,336.87,335.39,333.72,334.00,333.14,341.58,346.39,354.50,1.31,3.69,8.18,5.98,350.82,270.92,214.83,213.75,218.06,222.06,214.08,199.03,181.09,161.92,142.76,129.27,113.98,90.84,59.27,42.44,50.42,67.66,71.27,70.40,59.00,18.96,319.56,304.12,295.17,288.65,280.66,266.20,260.29,249.07,250.20,252.18,261.04,273.90,289.88,317.81,341.58,10.36,30.94,38.90,41.27,44.46,234.14,217.43,215.78,216.03,215.47
156.87,183.37,213.70,226.07,213.30,76.40,57.44,33.93,11.42,348.58,338.65,328.03,304.39,237.30,204.47,191.86,190.33,183.48,154.18,90.51,72.57,66.49,69.05,80.86,97.31,116.05,135.41,149.09,159.45,164.82,165.86,172.76,185.83,196.92,244.85,313.88,343.00,352.78,349.49,344.93,334.53,331.00,327.90,327.73,329.23,331.28,342.13,352.35,2.39,5.57,10.34,16.89,18.20,24.92,40.58,131.20,185.61,198.06,199.58,197.93,185.51,163.71,136.37,108.85,94.36,83.94,72.36,51.25,45.57,58.01,71.17,79.39,77.06,63.48,7.92,316.77,307.13,302.05,297.31,285.89,275.40,266.73,263.04,254.02,253.75,246.81,245.63,259.08,297.16,358.63,23.15,34.69,42.72,44.02,44.40,179.42,206.60,209.69,208.97,207.02
121.73,132.61,137.34,135.65,118.45,89.04,54.57,25.90,11.24,6.72,358.00,353.01,343.53,314.55,241.34,207.15,195.60,176.93,128.08,74.15,59.14,60.15,61.45,69.23,82.79,111.76,134.61,153.58,162.81,167.02,167.36,174.86,185.18,201.44,222.32,306.90,352.30,359.34,352.29,343.97,336.93,326.00,326.59,324.45,323.68,329.05,342.17,353.14,357.43,6.59,7.80,10.50,17.39,22.42,39.46,86.15,155.38,182.74,188.14,187.24,178.98,151.77,106.62,83.79,68.91,60.77,51.32,36.49,40.56,55.49,70.99,76.64,75.47,65.94,345.16,300.30,293.80,296.62,291.82,284.01,278.72,272.07,263.73,252.83,240.73,229.36,222.93,210.01,204.14,71.43,44.25,44.01,44.29,46.39,50.95,168.98,199.40,200.30,196.84,201.10
95.71,98.35,105.80,112.16,114.00,97.95,67.57,28.71,12.09,10.20,4.89,5.57,356.17,327.91,261.54,210.24,191.06,172.85,116.88,67.83,54.38,49.80,54.23,58.41,72.58,99.46,127.41,144.19,154.38,155.10,165.23,174.64,188.16,201.41,218.14,287.11,345.76,352.12,346.03,340.90,333.61,328.40,328.52,328.42,324.49,326.21,338.40,348.06,348.72,353.24,353.01,356.58,1.34,14.03,40.40,86.90,143.86,169.88,179.70,180.89,177.10,140.60,87.22,61.74,52.71,50.65,41.68,37.53,40.02,52.31,77.87,88.73,88.27,74.71,335.56,284.93,276.83,280.29,281.18,278.25,274.70,267.46,260.17,245.07,222.73,210.05,196.18,188.57,179.31,148.65,67.65,44.55,36.08,39.29,42.90,182.15,195.14,193.36,198.45,199.12
75.80,81.96,97.95,105.83,114.87,105.07,85.47,44.46,21.90,14.11,9.29,9.38,359.61,338.02,259.04,207.00,192.11,166.85,96.55,53.60,44.99,44.18,45.48,49.55,60.49,86.11,121.14,137.66,144.47,150.90,157.79,168.51,187.13,206.74,240.24,296.68,319.73,319.90,324.40,323.17,329.24,336.77,332.15,333.83,325.19,313.57,311.88,324.25,336.75,336.71,343.28,346.08,347.15,359.13,46.51,115.58,143.72,162.40,177.35,181.31,177.37,136.41,76.10,54.20,49.76,45.85,44.31,43.10,56.73,74.48,94.47,105.52,100.85,83.84,25.09,306.97,262.48,239.63,248.48,258.54,262.13,254.12,245.46,216.98,194.37,184.85,180.29,173.55,166.14,148.95,80.30,35.40,22.86,7.95,351.73,235.02,202.71,199.09,199.97,196.21
70.10,72.89,90.32,102.24,110.78,105.61,92.45,57.56,28.92,15.03,11.87,13.67,6.90,357.30,265.93,202.34,187.14,151.53,49.92,32.36,28.39,30.28,27.52,38.61,51.19,86.03,122.05,137.11,148.78,147.98,155.45,171.77,195.98,264.74,310.86,318.70,308.34,282.81,250.72,217.88,160.94,70.46,44.17,31.67,253.53,226.67,241.18,276.75,307.60,327.61,332.07,329.90,331.52,338.20,135.25,154.20,158.14,169.87,177.26,184.92,178.28,146.12,88.64,62.46,50.97,51.59,57.52,79.82,104.32,118.21,122.47,120.88,105.47,79.64,39.13,28.86,70.14,137.98,190.59,226.25,234.68,227.81,206.02,172.88,162.58,164.07,166.07,162.61,153.99,129.91,76.53,28.40,7.62,351.38,330.41,290.56,245.17,221.46,211.68,206.85
53.49,53.19,73.56,97.88,100.98,94.29,80.28,61.54,31.92,14.42,13.78,11.55,16.94,22.07,49.05,163.62,165.86,29.23,18.48,15.22,13.76,8.47,11.39,22.41,46.59,100.60,129.34,142.40,148.22,152.23,157.07,173.78,249.76,317.82,329.93,328.54,315.66,246.26,182.81,164.22,145.61,137.27,129.34,127.63,152.67,180.42,214.39,244.96,286.79,313.55,321.01,325.13,321.47,293.58,175.01,171.19,171.43,177.31,182.26,201.55,196.69,166.31,133.94,97.74,72.86,69.88,101.50,131.40,141.25,147.10,144.36,139.28,111.70,61.93,33.95,38.79,65.21,105.09,140.58,164.64,174.18,159.00,145.45,138.06,140.84,147.11,156.93,159.42,149.65,135.62,92.46,46.66,15.87,358.13,338.92,312.61,283.64,261.81,244.96,234.20
343.80,336.35,350.70,37.81,70.67,73.92,68.66,53.47,30.22,11.92,7.10,10.77,26.40,49.28,63.37,66.74,40.64,13.17,1.39,357.23,355.17,351.31,355.78,5.49,46.53,127.96,144.90,149.69,150.73,152.77,164.80,192.19,301.32,331.11,337.30,337.17,329.16,203.74,159.89,153.89,142.13,135.41,132.38,137.62,147.04,169.31,203.69,234.79,272.41,307.25,324.14,335.27,336.80,169.60,169.77,172.12,177.25,183.45,196.91,230.06,234.09,205.81,181.47,165.45,124.75,36.02,174.88,168.58,163.95,161.45,163.72,156.52,131.81,34.52,23.10,36.22,69.09,108.99,127.45,137.15,129.29,127.67,124.56,123.14,131.85,144.48,168.26,179.60,175.60,163.39,141.37,107.14,65.80,31.63,0.03,326.78,300.68,280.53,265.41,250.42
310.27,315.26,326.10,351.64,35.61,51.51,53.13,41.55,27.27,14.14,8.28,25.30,53.35,69.10,75.29,72.31,52.51,13.90,353.62,350.77,345.64,338.09,338.90,338.15,133.20,155.80,151.32,152.89,151.83,158.67,168.28,212.35,314.30,332.51,340.78,345.83,341.39,148.67,150.03,144.44,143.55,137.04,136.49,137.04,144.43,163.10,194.36,226.26,267.65,318.04,358.55,16.66,50.50,107.00,154.22,167.91,174.20,179.05,195.86,235.71,245.80,229.44,214.88,224.44,275.60,297.61,267.23,201.42,182.95,181.72,183.20,186.52,211.28,301.27,341.74,20.48,113.12,136.83,140.04,131.62,117.31,116.34,117.01,120.46,129.46,157.41,194.65,210.73,205.67,191.55,176.69,160.96,122.48,70.70,30.11,337.32,297.04,277.10,259.66,242.79
303.33,311.11,323.73,345.50,12.85,31.48,36.26,33.41,23.02,15.41,18.72,57.45,93.51,92.16,92.41,88.72,98.28,107.27,349.51,332.91,331.90,328.24,318.59,306.41,213.47,174.56,166.89,157.94,159.05,159.90,174.98,232.39,317.42,344.74,352.55,351.79,354.22,103.23,142.98,140.17,136.33,139.75,140.21,141.68,145.07,161.11,185.74,215.15,292.23,40.71,51.81,60.47,70.12,90.17,123.46,146.27,160.15,170.55,193.48,229.99,243.42,241.97,240.66,261.00,295.03,309.12,299.37,231.10,202.13,199.85,207.13,216.62,235.83,258.80,269.56,247.03,190.37,170.40,155.26,129.77,117.16,110.03,115.68,121.58,136.53,175.31,220.43,226.92,225.16,209.65,195.62,187.77,163.61,112.04,22.11,323.23,279.89,253.63,230.86,220.50
294.62,304.46,316.65,334.85,350.54,17.44,29.34,25.50,23.76,18.74,51.31,110.11,116.07,107.11,103.82,108.04,127.83,152.91,166.28,185.18,268.88,292.66,295.41,274.10,229.24,200.80,183.02,168.27,167.76,173.63,202.12,236.67,280.96,351.15,10.35,14.92,22.94,113.01,135.41,135.32,132.71,139.43,139.09,140.62,146.69,154.59,161.83,129.17,75.57,67.30,67.84,69.36,75.93,86.74,106.32,127.19,142.00,153.09,171.27,213.67,240.49,244.59,257.00,274.03,298.61,307.94,302.67,254.01,217.77,210.58,223.04,233.51,245.99,252.16,253.29,233.66,205.66,183.31,165.19,135.29,116.68,117.13,114.25,127.54,145.53,193.95,222.66,231.28,227.35,218.56,210.69,211.44,212.39,238.47,275.20,273.11,251.85,223.70,205.85,194.46
282.18,300.95,307.08,318.98,332.79,352.08,8.52,17.66,22.09,38.70,98.24,127.86,127.07,113.98,109.01,115.21,132.56,152.10,159.48,164.91,170.87,196.18,235.58,254.67,246.10,226.87,209.94,192.32,190.80,218.46,236.97,238.68,247.38,261.90,59.24,70.74,96.07,121.24,124.50,125.67,130.15,136.86,140.99,144.80,141.78,136.44,84.99,65.63,67.65,72.16,76.04,77.33,78.06,90.89,101.68,119.02,125.51,128.78,142.61,177.81,212.25,230.62,247.26,273.32,291.35,301.05,286.84,240.79,221.97,219.63,227.03,242.27,246.00,256.07,251.04,240.15,210.77,185.95,160.15,132.88,123.84,119.21,122.89,134.55,163.04,201.84,223.05,227.89,227.64,224.44,222.73,221.85,233.89,247.09,260.18,255.48,235.41,206.23,189.87,173.06
267.45,286.64,294.85,300.57,297.37,302.65,337.50,7.39,26.97,55.73,111.10,131.44,129.35,114.79,107.74,113.17,135.05,147.15,153.95,159.34,158.71,167.07,179.40,219.78,265.85,274.54,270.40,255.68,252.96,250.36,247.45,246.59,245.68,229.09,125.78,113.61,124.70,127.16,124.60,115.77,116.29,127.49,131.68,133.38,123.55,74.48,42.06,47.73,63.90,75.53,82.13,86.72,95.77,111.82,123.01,124.54,123.19,126.20,129.64,154.02,176.38,197.71,220.60,247.87,269.60,264.16,237.66,218.69,217.67,222.75,230.76,242.93,253.98,259.87,260.56,245.98,205.45,156.42,131.07,127.74,123.81,129.28,140.34,158.60,183.95,207.74,219.53,223.58,224.66,223.07,224.30,228.25,235.00,245.97,253.15,249.47,226.95,195.86,171.89,164.14
232.46,260.28,276.15,276.04,264.09,248.73,254.76,28.94,46.34,76.74,113.56,125.94,120.47,110.72,105.83,110.09,126.54,142.58,150.72,150.90,154.89,160.85,160.73,156.16,60.93,2.96,344.08,298.26,267.94,255.29,252.28,254.03,248.16,233.19,156.10,127.98,133.96,138.59,128.79,113.04,102.95,96.02,102.70,100.42,74.58,44.56,39.03,45.54,59.91,76.40,97.31,121.68,144.13,150.55,155.18,147.74,141.19,137.48,141.66,155.30,163.16,176.29,185.83,202.78,212.80,214.48,211.13,206.78,212.95,217.90,235.07,246.78,261.62,262.78,264.09,251.72,159.35,112.43,102.65,105.35,119.15,139.74,163.84,185.82,211.11,219.77,219.22,218.23,218.75,212.88,217.19,223.89,228.90,241.66,243.46,235.94,215.36,183.53,164.88,156.39
199.02,215.68,235.60,233.15,215.58,197.96,173.49,115.59,92.24,98.26,122.65,127.71,118.13,107.00,102.43,103.60,115.17,132.10,144.15,151.40,157.56,159.49,159.18,143.28,109.28,78.82,65.17,242.40,248.87,256.14,257.53,252.81,251.04,243.68,195.08,155.32,152.44,149.30,142.13,117.26,77.73,60.99,61.14,66.72,59.71,44.83,39.38,46.05,53.77,91.58,154.21,177.10,183.48,179.04,177.41,168.04,164.58,157.46,154.72,161.83,164.42,170.03,175.17,178.73,186.78,194.52,202.07,205.94,206.03,214.49,229.76,248.77,262.19,263.75,262.50,236.39,128.13,101.66,94.77,90.41,90.49,141.88,244.83,251.78,245.18,235.04,226.59,215.50,211.77,203.56,207.85,208.72,221.02,230.52,232.80,219.29,199.69,169.30,155.28,150.69
174.56,174.91,182.36,186.41,181.37,164.30,150.30,137.55,126.25,127.67,131.34,126.77,113.39,100.26,95.97,90.97,96.90,119.57,146.45,154.78,159.47,162.17,159.45,155.21,139.63,124.76,139.80,191.62,228.94,246.78,255.13,255.31,252.19,243.76,226.05,195.48,184.11,169.64,158.94,119.93,63.02,43.75,47.05,54.37,53.34,48.90,43.15,46.82,56.70,181.09,206.31,207.01,203.61,196.17,187.19,181.53,174.31,169.47,164.52,165.02,168.75,172.94,171.93,173.97,182.09,191.17,200.57,205.02,211.77,220.87,231.07,249.56,263.64,262.53,254.83,222.52,134.25,104.46,92.41,82.30,60.58,328.31,300.89,297.88,284.86,253.84,225.37,210.26,202.76,197.48,194.65,201.99,210.15,224.93,222.84,213.27,188.69,166.69,156.93,155.11
158.30,162.72,167.14,166.81,163.44,156.17,148.67,141.29,141.87,140.91,141.33,132.23,113.53,95.51,84.84,80.44,84.01,105.37,140.57,161.38,166.87,168.71,167.47,166.04,159.63,157.61,171.57,193.43,215.80,236.31,250.36,250.98,253.85,249.83,251.22,245.74,215.36,190.29,161.49,105.97,52.07,44.27,44.70,48.80,49.10,45.84,43.23,40.61,302.23,230.84,228.00,218.03,210.88,199.86,190.06,180.90,175.86,172.91,171.81,168.99,173.06,173.52,176.62,175.24,179.86,193.46,210.03,218.82,221.14,227.66,234.62,254.33,260.59,257.18,246.89,213.79,151.41,120.49,102.31,92.99,41.12,311.54,312.70,313.64,315.32,295.23,235.43,202.86,195.43,191.89,190.89,200.49,210.91,229.43,236.64,226.84,209.17,192.76,188.13,186.46
145.43,149.19,160.87,158.03,155.83,147.90,146.82,144.10,147.07,150.76,156.14,134.30,106.98,89.24,82.59,74.10,70.31,88.42,137.31,161.43,171.52,173.13,173.52,172.86,173.94,180.19,190.93,199.72,215.66,224.39,240.62,251.90,256.89,267.27,289.93,296.37,291.63,222.84,106.65,76.65,58.50,47.17,49.38,47.44,47.82,44.46,47.33,43.90,248.09,249.01,239.61,234.75,221.29,207.02,190.06,172.92,161.60,162.33,167.61,176.86,182.23,181.50,175.74,167.87,173.25,198.87,221.76,232.58,231.82,232.56,240.09,250.41,254.47,255.56,239.59,205.34,158.52,126.30,115.38,109.25,318.00,302.22,307.80,316.63,321.98,331.27,325.50,185.02,185.29,185.82,194.70,207.22,219.43,246.21,259.50,273.12,264.63,257.36,242.87,227.77
126.28,129.95,190.14,217.09,160.02,148.23,147.37,144.32,156.40,160.93,168.32,137.81,96.21,80.60,73.53,66.16,58.58,64.02,132.16,166.77,174.93,177.44,182.49,184.47,183.79,194.38,206.94,204.11,203.81,206.83,225.18,252.22,288.29,311.74,321.39,329.77,340.79,12.94,57.54,68.06,67.83,65.39,57.42,57.43,52.92,62.36,88.22,129.72,201.18,253.98,258.59,246.87,226.32,198.62,170.99,154.25,142.49,143.19,158.16,195.05,209.62,194.15,177.11,158.11,163.05,204.22,242.26,245.45,244.66,243.32,246.62,254.18,257.50,253.24,236.11,202.81,146.44,122.75,110.33,96.48,308.04,305.23,309.01,311.96,323.96,335.59,0.72,44.05,133.78,192.78,209.26,219.62,235.41,260.22,278.19,290.45,295.81,297.72,281.27,248.03
41.64,345.91,307.74,296.64,279.93,186.39,159.32,158.75,169.13,206.73,258.59,359.50,63.70,78.89,71.71,60.53,42.19,40.08,109.52,174.38,176.76,180.62,179.69,187.95,195.00,210.31,165.03,149.04,142.69,138.63,122.41,52.26,356.15,344.96,337.40,336.05,344.20,4.60,44.94,68.30,80.20,83.82,93.77,99.37,98.38,107.43,119.68,130.52,139.34,163.04,256.58,258.02,209.44,171.39,150.84,144.14,131.16,131.24,147.65,198.07,231.68,225.62,188.42,154.39,151.83,207.47,262.73,262.15,260.00,255.63,257.20,256.73,258.57,258.38,241.97,192.02,123.51,100.85,86.37,55.10,334.07,309.53,309.07,313.79,318.45,333.14,357.28,22.40,20.14,290.98,248.87,245.03,254.52,265.60,280.56,300.70,324.70,338.93,341.26,212.09
354.29,329.29,310.93,297.16,287.32,273.32,262.89,260.86,272.89,290.36,314.38,356.27,48.19,90.20,89.11,54.81,26.91,11.77,348.43,188.81,182.36,181.82,181.58,86.84,34.90,43.82,70.12,96.77,107.90,104.76,96.56,62.27,21.30,356.18,341.59,335.97,333.80,351.85,34.35,65.61,88.51,109.93,127.47,135.83,128.88,125.29,125.47,131.12,131.87,133.05,128.99,131.33,144.93,150.21,148.38,141.95,127.08,127.85,136.10,172.69,214.99,220.55,207.30,175.22,152.16,288.46,290.86,286.49,273.64,269.36,268.11,264.85,266.22,262.75,247.14,185.88,98.55,83.50,73.62,44.14,348.62,318.97,311.95,312.40,306.71,316.37,333.76,5.70,357.74,306.09,273.21,264.99,269.06,278.04,288.38,310.35,20.29,48.06,72.76,107.21
353.93,330.54,307.64,290.49,279.47,277.64,272.68,280.76,286.65,297.98,324.83,8.61,58.28,126.03,163.02,243.39,334.22,330.10,295.47,221.06,203.53,198.64,207.94,28.15,36.17,53.28,79.27,94.83,102.16,101.74,92.96,67.58,27.57,352.30,336.15,331.03,328.18,334.57,17.19,69.09,98.60,120.47,137.19,135.15,131.66,125.86,128.67,128.47,131.04,132.48,130.25,132.36,136.20,141.77,142.23,133.88,128.40,122.06,129.63,154.35,189.44,206.83,211.21,213.36,262.51,321.69,318.91,312.05,291.20,277.07,272.02,266.45,266.22,265.69,256.00,186.84,91.02,79.42,69.02,46.94,1.56,326.94,312.73,308.88,299.73,299.54,302.60,311.17,297.19,279.21,276.29,275.72,280.62,285.04,289.14,318.25,45.56,70.33,83.14,102.40
355.56,337.10,308.01,282.78,272.37,266.41,268.74,267.69,277.22,291.87,354.86,39.32,63.96,202.14,226.86,245.22,276.41,284.72,256.24,224.34,210.07,208.62,210.99,226.85,53.27,93.67,105.61,107.05,105.67,106.34,95.94,64.86,16.12,349.75,334.01,324.74,319.85,325.90,5.67,75.90,98.92,117.96,129.98,126.68,125.15,120.71,120.50,129.54,132.83,131.43,127.82,127.03,136.30,140.78,137.46,130.06,120.63,117.77,125.01,144.51,170.65,190.63,204.93,220.25,280.70,319.69,332.06,325.16,302.17,270.31,258.34,257.94,262.83,262.65,253.71,216.30,95.77,83.96,74.10,60.30,8.73,330.17,312.17,300.75,295.45,289.80,273.33,235.78,228.34,243.77,257.83,270.02,280.16,283.57,287.34,295.28,332.50,36.54,84.14,116.07
5.78,359.18,323.65,277.84,261.59,252.66,251.24,256.72,255.81,218.71,89.97,77.41,63.39,255.29,253.25,258.42,261.97,261.74,239.80,218.13,207.99,207.99,207.72,219.08,222.01,221.92,198.86,155.05,122.59,103.93,88.89,45.37,354.00,337.91,324.12,319.99,317.47,316.81,6.54,80.69,98.55,106.13,112.76,109.22,107.83,106.87,114.46,122.17,133.29,132.26,125.99,125.52,128.46,124.94,126.92,120.69,109.76,110.69,124.40,143.22,161.95,172.12,191.81,212.95,267.68,316.38,329.65,324.25,261.62,220.85,227.12,241.46,251.25,250.33,249.04,217.43,123.12,97.49,91.98,84.70,43.42,317.14,303.02,301.45,289.96,278.03,220.52,191.80,201.26,222.87,244.93,260.78,270.46,281.54,285.42,291.52,298.84,309.06,304.73,163.62
17.36,12.27,349.85,268.48,245.77,241.82,238.52,231.57,208.52,144.40,111.14,99.45,70.13,284.53,271.89,266.05,256.94,243.81,220.71,202.87,203.11,203.29,209.31,218.60,231.96,234.18,234.32,219.72,174.45,94.83,46.38,358.18,330.52,325.17,322.19,319.14,315.89,320.92,39.27,93.16,100.42,98.27,94.15,85.10,87.99,87.81,99.60,116.06,126.78,130.49,121.29,113.18,106.80,102.23,98.00,95.99,92.09,104.22,119.98,132.66,149.70,161.14,174.46,197.24,234.65,278.09,290.50,252.66,188.31,184.97,197.85,219.03,233.62,238.74,234.40,209.92,165.53,126.05,120.97,123.39,139.78,193.78,265.91,290.10,296.61,136.08,147.94,167.82,190.67,216.56,236.01,255.69,268.34,275.21,281.63,293.37,297.72,305.15,287.02,194.44
27.96,29.30,38.87,215.63,219.75,225.15,223.15,212.82,184.25,150.15,131.49,114.26,92.31,299.48,277.84,258.62,239.24,216.68,195.05,186.68,182.92,188.61,201.54,221.11,235.52,246.41,246.75,254.59,269.82,325.11,337.51,322.28,313.79,312.10,309.63,315.58,314.67,333.55,109.04,114.67,109.44,98.58,79.09,77.00,77.81,82.65,93.79,114.77,125.07,125.72,111.45,96.90,88.49,75.99,68.45,64.42,63.33,71.49,96.10,119.69,137.84,149.33,173.28,193.09,216.19,227.65,229.77,208.02,180.09,169.55,177.94,195.96,213.59,220.67,210.49,195.60,173.72,150.31,135.75,141.38,144.15,147.22,134.66,108.47,104.69,111.96,123.73,145.52,182.63,213.18,236.71,251.85,258.32,270.77,283.56,292.42,302.22,305.66,261.77,177.98
38.57,52.20,77.38,139.86,189.49,205.42,208.24,197.44,184.71,161.28,147.12,136.42,139.11,285.90,265.54,240.59,208.20,183.97,169.11,163.65,164.06,174.05,188.90,222.37,241.76,255.52,264.96,271.43,292.01,310.37,313.41,299.99,289.38,285.07,289.84,300.34,313.02,128.87,130.43,130.76,124.26,109.72,82.56,80.15,80.76,89.51,100.88,114.81,130.79,127.23,107.32,92.62,72.93,56.19,48.22,45.03,37.42,20.79,12.18,24.57,88.85,155.33,185.99,205.27,216.66,223.61,222.90,207.50,175.29,159.16,155.51,174.79,191.03,195.66,193.85,184.27,168.99,153.02,145.06,137.36,136.22,130.93,109.68,95.12,93.97,103.06,108.51,126.99,170.13,218.28,234.29,241.43,249.91,261.83,273.17,277.95,281.55,207.61,152.74,159.36
59.85,77.47,102.04,127.18,156.93,185.48,194.90,195.06,193.02,177.79,173.71,180.49,266.38,278.55,249.76,221.83,197.78,173.12,157.45,148.94,153.00,157.74,169.50,207.08,249.26,264.56,270.94,276.64,287.68,301.59,293.97,277.96,259.81,247.67,233.98,202.09,146.68,135.07,131.54,134.53,146.90,147.60,117.82,107.50,106.09,104.29,110.65,124.90,132.57,129.86,114.45,92.75,71.32,52.29,41.40,34.67,25.75,11.62,351.70,351.98,348.20,295.57,219.01,218.53,222.16,228.81,221.94,215.61,179.01,146.34,137.07,144.57,165.23,177.99,173.40,165.55,161.55,143.00,127.58,127.54,124.63,115.52,102.23,89.55,92.38,93.60,96.72,104.51,136.96,229.17,236.77,234.50,227.65,225.66,213.95,186.33,165.81,150.00,150.27,155.02
95.46,109.91,120.69,131.06,142.12,166.05,189.24,198.33,207.41,208.79,230.36,276.60,294.56,282.76,253.80,221.34,200.63,173.50,154.46,145.73,141.92,147.90,151.68,175.48,233.50,258.07,261.57,267.96,275.35,284.70,282.30,266.44,244.77,222.59,201.22,178.90,149.31,134.49,126.56,130.85,133.59,139.70,120.41,122.66,116.55,119.93,117.79,126.74,135.73,137.65,121.85,97.19,68.24,50.38,35.40,29.63,19.83,9.25,359.14,350.02,348.10,331.16,264.77,234.54,228.53,226.84,225.40,217.73,182.62,135.49,121.61,122.22,141.45,152.48,158.02,148.09,138.39,124.52,107.34,113.08,117.33,109.28,100.17,92.51,87.28,91.28,89.13,79.11,60.28,286.92,247.16,217.01,188.69,168.81,154.81,155.69,159.16,154.02,155.86,155.84
132.84,138.64,138.63,132.65,140.22,154.95,184.66,214.81,242.22,268.85,297.36,310.61,312.25,297.16,263.52,235.58,212.85,184.19,155.02,137.02,139.80,137.01,144.93,155.83,191.52,229.43,237.97,241.01,250.54,261.43,275.76,271.08,251.30,229.98,209.41,180.83,145.37,121.76,99.03,69.03,27.78,28.08,78.65,113.83,119.28,122.68,124.56,133.33,139.78,145.20,136.01,108.51,73.88,48.69,37.36,28.29,24.32,11.46,2.28,0.12,354.76,348.42,329.04,259.12,236.48,232.80,229.73,218.89,191.60,142.34,121.60,120.34,131.65,141.65,143.36,139.55,126.96,102.49,79.83,93.25,116.89,120.56,106.39,97.81,97.23,92.00,82.77,66.57,28.54,339.57,271.26,206.15,169.37,151.56,152.53,157.28,161.44,163.25,164.58,160.17
175.11,162.69,152.54,144.67,135.84,140.93,170.91,266.24,292.07,310.11,317.98,324.73,327.64,312.26,286.29,256.98,233.99,199.70,154.70,135.98,131.23,133.67,142.04,154.31,183.56,209.29,220.60,224.34,226.70,246.03,275.74,295.10,301.92,306.26,306.46,316.77,19.95,71.01,61.95,47.05,37.28,40.69,57.36,94.72,112.07,117.18,118.85,130.36,140.81,148.08,147.54,121.57,81.23,53.06,38.30,33.31,22.15,17.92,7.70,3.80,4.02,11.04,14.44,356.67,263.89,238.66,229.74,221.78,202.86,157.86,130.27,117.96,124.67,134.16,138.29,135.12,116.63,68.82,30.43,17.54,160.36,153.25,135.40,117.93,110.92,104.39,85.50,54.91,5.87,337.69,297.47,200.00,171.17,159.18,158.64,158.88,164.10,168.42,162.98,160.75
200.92,175.55,155.71,141.42,132.00,121.03,47.84,320.48,318.17,327.00,326.15,329.70,331.38,326.69,304.71,270.52,246.74,204.11,150.62,134.84,128.83,132.10,140.57,152.28,185.14,206.41,215.57,215.57,216.83,228.28,273.35,317.76,331.17,334.48,332.11,329.04,339.16,21.41,59.21,53.69,49.33,50.76,54.35,78.34,94.11,103.42,112.19,119.89,138.59,150.03,153.44,138.55,106.51,67.82,45.99,38.78,25.61,24.03,15.65,20.21,21.98,30.68,34.85,32.40,13.75,272.17,239.02,225.71,209.67,167.54,124.52,107.09,110.25,120.71,130.51,123.19,88.50,44.27,17.49,1.13,200.87,177.93,163.04,148.19,136.03,124.99,111.70,24.43,331.68,318.20,291.69,210.47,184.43,173.27,173.51,166.58,163.08,165.11,160.57,154.84
260.12,173.19,136.87,125.46,114.51,97.10,14.90,333.64,333.62,332.22,332.36,333.83,334.66,336.09,320.51,288.24,231.55,179.09,145.61,139.29,128.71,133.02,139.74,158.01,190.19,209.00,212.54,212.59,213.25,225.00,260.11,325.29,335.19,336.22,328.95,322.81,322.74,347.91,67.39,71.52,61.90,59.46,56.44,60.64,72.50,82.62,91.45,105.62,128.28,149.36,158.18,149.46,136.44,94.12,61.04,41.40,29.71,28.04,34.98,39.44,45.30,44.56,42.67,41.27,32.34,3.78,263.61,236.54,224.30,143.45,92.72,97.64,103.55,109.62,117.68,103.71,75.12,51.66,36.88,47.54,161.14,177.11,176.67,166.54,163.06,160.87,183.90,273.24,296.93,294.88,274.80,208.58,189.26,182.30,179.96,169.20,162.73,155.05,153.11,148.51
336.09,27.59,75.13,84.59,83.80,62.30,359.77,335.75,329.58,332.71,333.92,334.05,337.90,340.08,332.59,304.87,187.53,155.46,143.57,136.75,132.35,134.04,135.22,160.86,207.02,220.64,217.59,217.71,216.99,224.65,245.80,310.58,326.93,324.75,323.76,312.98,305.68,299.92,69.69,73.22,69.71,61.00,51.86,44.53,40.56,48.60,60.94,85.28,119.02,144.73,153.76,155.71,155.89,131.65,66.82,40.97,30.41,34.57,46.29,58.72,58.74,55.44,48.51,45.37,36.81,18.12,330.86,273.79,274.36,76.56,84.40,92.36,102.92,112.34,103.42,87.32,68.20,55.92,55.07,76.02,135.40,164.74,167.61,169.02,177.51,196.90,246.62,272.44,282.37,279.67,257.40,198.99,174.52,171.83,173.68,160.94,146.19,138.08,136.00,136.21
343.69,20.07,45.91,60.08,62.89,43.38,342.89,321.98,322.95,324.42,331.97,334.94,336.93,340.84,340.99,315.00,162.11,154.02,144.30,142.49,137.58,132.65,137.68,184.44,247.81,244.98,231.60,230.27,230.29,231.03,244.39,279.23,308.53,309.69,305.83,296.64,293.50,288.52,28.23,65.77,64.51,52.05,38.81,16.71,13.59,20.30,37.15,70.17,109.72,136.94,155.49,163.45,165.75,166.33,44.50,23.97,23.19,36.38,50.36,65.81,64.79,57.43,49.26,47.11,35.82,25.34,359.36,334.88,51.67,75.91,88.54,99.45,109.56,115.60,104.54,89.69,70.31,66.96,68.31,86.59,127.92,153.67,164.02,168.96,226.66,289.94,293.44,296.61,296.19,293.91,257.81,141.31,139.96,140.11,141.17,131.23,120.26,116.15,113.70,114.13
348.14,16.34,41.11,52.26,55.82,54.28,318.00,294.70,307.20,314.31,318.48,326.51,330.67,337.32,339.49,154.13,154.61,150.31,148.38,141.74,144.96,143.20,143.17,299.72,292.42,274.05,261.50,246.64,242.69,243.34,255.21,266.67,270.98,274.83,278.90,285.02,284.32,306.51,13.20,47.68,47.81,45.68,22.79,4.10,1.46,8.55,24.33,60.28,107.16,141.61,155.83,169.67,181.13,198.39,321.66,358.40,12.34,29.65,49.27,61.23,60.65,54.49,52.12,50.00,42.85,35.99,15.13,21.97,77.37,86.25,96.25,102.50,107.95,116.00,106.54,92.13,77.14,73.55,71.34,85.12,119.79,151.90,166.36,271.66,317.99,316.91,322.28,321.97,327.92,344.38,43.82,87.60,92.22,80.23,67.58,68.85,77.84,79.99,79.97,78.03
337.94,18.51,39.82,52.36,63.42,88.93,141.30,218.06,263.43,287.21,294.96,303.23,299.62,298.98,218.13,161.23,157.01,148.75,148.59,147.49,145.68,152.90,161.91,298.92,300.88,292.12,283.47,274.58,268.47,264.22,262.69,262.12,257.09,252.76,252.38,268.40,312.24,5.22,28.78,41.25,43.02,42.08,33.31,11.30,1.40,1.11,16.01,51.07,109.00,144.78,161.84,177.15,188.28,218.72,324.50,357.09,6.99,18.45,35.98,48.45,53.30,58.29,54.86,54.72,55.81,50.93,46.36,90.61,97.68,99.36,97.57,97.82,103.13,110.48,100.99,87.95,77.11,74.21,72.27,74.01,78.99,21.38,317.07,320.76,323.94,323.78,329.58,335.60,347.36,6.02,49.32,69.07,73.07,56.99,28.95,18.61,33.91,44.05,45.22,44.71
325.58,19.16,50.59,64.19,84.70,109.38,134.15,158.29,181.16,212.11,233.57,240.09,226.07,212.25,191.69,178.65,163.04,151.24,148.71,148.98,150.87,159.50,178.27,282.79,299.59,295.13,293.83,290.89,290.14,289.55,278.97,265.43,246.89,238.03,240.75,255.26,19.22,38.45,42.61,42.48,52.76,57.86,57.99,50.90,26.15,1.25,0.25,25.15,125.16,152.11,163.92,176.39,182.12,349.47,357.24,2.83,8.84,13.52,21.59,38.13,47.05,51.76,59.24,59.03,64.10,64.43,86.83,132.09,120.01,103.04,94.11,92.29,90.58,86.62,82.56,80.26,73.00,70.48,67.25,44.46,2.70,339.87,334.17,325.83,331.69,328.67,332.63,343.29,352.09,19.09,56.67,69.52,65.93,46.46,7.83,354.17,3.02,19.34,24.58,22.81
276.33,354.05,60.14,81.05,99.94,111.96,128.20,136.54,153.91,165.74,185.05,198.70,198.39,199.79,198.86,191.57,173.66,155.35,148.39,146.31,150.01,156.99,175.59,259.19,292.65,297.68,298.97,300.35,309.39,306.31,295.17,265.95,246.17,229.47,226.88,181.36,71.03,57.06,55.00,52.81,65.14,75.48,90.18,101.01,104.99,119.35,283.55,286.20,242.02,175.80,160.09,126.29,61.50,35.57,23.20,11.05,7.61,5.36,6.75,15.95,29.48,40.71,50.36,56.78,61.85,70.98,102.20,141.20,127.78,107.66,86.92,77.35,65.39,64.51,61.41,59.56,66.06,74.02,60.46,23.60,355.50,344.38,342.00,341.02,335.75,342.00,343.45,350.18,13.33,54.79,76.44,84.17,81.11,64.05,356.77,329.17,337.68,0.61,10.34,17.74
241.19,244.35,182.93,116.49,114.09,115.02,122.35,127.02,135.78,146.29,165.26,176.71,186.16,192.70,196.29,204.77,199.34,163.45,142.95,135.02,139.79,146.14,158.70,227.43,281.75,293.22,296.11,310.25,316.60,322.57,313.14,273.19,239.62,219.63,200.27,144.71,98.69,79.62,72.59,73.55,77.36,92.78,103.69,110.31,123.76,139.96,179.58,264.25,285.05,323.37,69.97,59.69,47.17,39.23,33.80,22.85,7.67,358.38,349.09,352.68,5.04,24.43,35.92,48.38,54.07,54.76,76.21,140.59,137.29,109.49,84.24,64.98,53.90,48.25,53.00,60.90,71.45,76.01,63.49,30.44,6.27,2.03,359.20,3.04,3.54,11.18,21.85,49.57,94.31,107.73,107.62,105.08,101.05,101.39,129.04,272.38,297.51,334.75,354.64,6.25
236.77,237.06,220.59,170.76,130.22,118.04,120.97,122.88,130.16,136.13,146.80,161.81,173.61,189.16,199.41,217.37,226.82,191.26,122.68,125.12,127.84,131.43,134.16,154.36,261.63,283.10,297.78,317.26,336.38,350.93,358.69,335.19,206.32,194.43,169.68,136.47,110.32,98.28,86.84,85.63,90.10,97.71,109.58,112.30,124.30,128.45,134.24,159.10,356.93,44.08,56.20,56.44,54.20,48.44,41.39,31.33,12.86,355.99,340.23,343.17,353.29,12.81,25.27,35.75,34.80,41.13,40.11,86.51,129.51,104.47,82.67,66.02,58.57,60.16,65.35,69.46,78.72,86.46,84.05,61.95,45.78,40.17,49.41,55.88,65.18,77.42,94.52,115.62,121.54,126.44,121.13,121.98,119.45,121.84,144.29,209.15,266.02,299.23,326.15,346.16
230.44,234.25,223.56,197.47,145.50,121.47,114.55,116.95,122.79,125.26,129.97,142.95,158.91,180.97,205.78,235.78,264.45,303.93,67.49,93.86,105.33,112.62,113.13,118.05,118.99,113.03,4.17,355.41,3.69,19.60,43.17,67.39,112.60,146.68,145.65,133.59,116.63,102.16,91.51,85.87,94.08,100.34,105.57,114.29,115.05,118.95,116.46,104.44,77.99,68.39,64.84,64.86,59.74,49.15,45.99,36.18,21.32,0.22,337.16,338.50,348.39,11.38,23.67,24.02,25.71,30.72,27.01,23.53,46.92,71.62,74.96,74.28,73.61,85.48,90.32,89.38,95.79,97.34,98.56,91.97,87.39,83.38,91.09,93.08,99.61,105.29,113.25,118.56,128.19,129.78,128.35,129.52,126.44,129.79,149.14,195.73,261.28,295.04,311.57,329.01
228.52,234.85,226.86,205.04,159.03,128.10,118.44,116.34,112.18,114.74,115.53,120.46,131.93,175.27,251.68,279.26,302.05,328.77,5.19,44.35,74.29,89.53,100.59,108.04,106.93,101.39,67.58,34.71,31.60,42.09,58.00,69.21,86.01,110.22,123.06,123.91,106.63,93.89,84.63,82.97,92.03,100.43,104.89,111.82,113.46,111.47,112.63,102.88,87.40,83.31,76.44,72.33,63.98,58.77,51.57,44.72,31.32,13.97,353.44,347.49,3.21,22.43,26.43,26.68,29.63,27.61,19.35,17.83,15.45,36.85,59.26,78.38,95.05,108.09,108.17,108.19,109.45,108.56,103.84,105.54,101.88,99.77,101.92,102.21,104.49,109.28,113.82,121.29,125.67,130.27,128.62,126.80,125.07,132.01,148.33,196.51,268.59,293.11,311.01,326.65
234.12,229.36,229.87,211.41,179.04,141.12,118.37,112.90,108.68,107.48,97.57,88.71,59.42,350.37,316.83,316.36,319.92,336.08,350.77,11.20,36.30,62.11,88.40,106.35,107.80,93.69,68.98,43.29,41.01,47.22,61.47,70.34,81.14,88.08,104.48,104.02,89.00,75.70,73.86,76.27,87.09,99.01,102.18,108.87,110.38,110.65,105.02,103.85,92.21,88.68,86.54,79.86,69.24,66.81,55.21,51.96,48.08,39.54,28.56,27.55,36.21,41.07,37.99,33.67,32.01,27.09,22.33,17.25,14.78,33.12,55.99,78.54,100.82,119.65,123.76,121.44,117.95,114.52,114.45,110.84,103.63,101.73,103.17,104.84,106.77,108.69,111.44,117.02,119.33,123.01,124.72,125.42,130.09,132.58,138.47,201.86,284.76,304.12,312.68,322.25